recorded_time,temperature,sensor_type
2021-07-11T00:00,0.5020183486238565,UNKNOWN
2021-07-11T00:01,0.5020183486238565,UNKNOWN
2021-07-11T00:02,0.5020183486238565,UNKNOWN
2021-07-11T00:03,0.5020183486238565,UNKNOWN
2021-07-11T00:04,0.602018348623858,UNKNOWN
2021-07-11T00:05,0.602018348623858,UNKNOWN
2021-07-11T00:06,0.4020183486238551,UNKNOWN
2021-07-11T00:07,0.10201834862385795,UNKNOWN
2021-07-11T00:08,-0.2979816513761442,UNKNOWN
2021-07-11T00:09,-0.5979816513761449,UNKNOWN
2021-07-11T00:10,-0.8979816513761456,UNKNOWN
2021-07-11T00:11,-1.097981651376145,UNKNOWN
2021-07-11T00:12,-1.1979816513761463,UNKNOWN
2021-07-11T00:13,-1.3979816513761456,UNKNOWN
2021-07-11T00:14,-1.3979816513761456,UNKNOWN
2021-07-11T00:15,-1.4979816513761435,UNKNOWN
2021-07-11T00:16,-1.597981651376145,UNKNOWN
2021-07-11T00:17,-1.597981651376145,UNKNOWN
2021-07-11T00:18,-1.6979816513761463,UNKNOWN
2021-07-11T00:19,-1.6979816513761463,UNKNOWN
2021-07-11T00:20,-1.6979816513761463,UNKNOWN
2021-07-11T00:21,-1.7979816513761442,UNKNOWN
2021-07-11T00:22,-1.7979816513761442,UNKNOWN
2021-07-11T00:23,-1.7979816513761442,UNKNOWN
2021-07-11T00:24,-1.6979816513761463,UNKNOWN
2021-07-11T00:25,-1.3979816513761456,UNKNOWN
2021-07-11T00:26,-0.9979816513761435,UNKNOWN
2021-07-11T00:27,-0.5979816513761449,UNKNOWN
2021-07-11T00:28,-0.0979816513761449,UNKNOWN
2021-07-11T00:29,0.20201834862385226,UNKNOWN
2021-07-11T00:30,0.5020183486238565,UNKNOWN
2021-07-11T00:31,0.7020183486238523,UNKNOWN
2021-07-11T00:32,0.9020183486238551,UNKNOWN
2021-07-11T00:33,1.2020183486238523,UNKNOWN
2021-07-11T00:34,1.3020183486238537,UNKNOWN
2021-07-11T00:35,1.5020183486238565,UNKNOWN
2021-07-11T00:36,1.602018348623858,UNKNOWN
2021-07-11T00:37,1.7020183486238523,UNKNOWN
2021-07-11T00:38,1.7020183486238523,UNKNOWN
2021-07-11T00:39,1.8020183486238537,UNKNOWN
2021-07-11T00:40,1.902018348623855,UNKNOWN
2021-07-11T00:41,2.0020183486238565,UNKNOWN
2021-07-11T00:42,2.0020183486238565,UNKNOWN
2021-07-11T00:43,2.0020183486238565,UNKNOWN
2021-07-11T00:44,2.0020183486238565,UNKNOWN
2021-07-11T00:45,2.102018348623858,UNKNOWN
2021-07-11T00:46,2.102018348623858,UNKNOWN
2021-07-11T00:47,2.102018348623858,UNKNOWN
2021-07-11T00:48,2.102018348623858,UNKNOWN
2021-07-11T00:49,1.902018348623855,UNKNOWN
2021-07-11T00:50,1.7020183486238523,UNKNOWN
2021-07-11T00:51,1.602018348623858,UNKNOWN
2021-07-11T00:52,1.5020183486238565,UNKNOWN
2021-07-11T00:53,1.402018348623855,UNKNOWN
2021-07-11T00:54,1.3020183486238537,UNKNOWN
2021-07-11T00:55,1.2020183486238523,UNKNOWN
2021-07-11T00:56,1.102018348623858,UNKNOWN
2021-07-11T00:57,1.102018348623858,UNKNOWN
2021-07-11T00:58,1.0020183486238565,UNKNOWN
2021-07-11T00:59,1.0020183486238565,UNKNOWN
2021-07-11T01:00,0.9020183486238551,UNKNOWN
2021-07-11T01:01,0.9020183486238551,UNKNOWN
2021-07-11T01:02,0.9020183486238551,UNKNOWN
2021-07-11T01:03,0.9020183486238551,UNKNOWN
2021-07-11T01:04,0.9020183486238551,UNKNOWN
2021-07-11T01:05,0.9020183486238551,UNKNOWN
2021-07-11T01:06,0.9020183486238551,UNKNOWN
2021-07-11T01:07,0.9020183486238551,UNKNOWN
2021-07-11T01:08,0.9020183486238551,UNKNOWN
2021-07-11T01:09,0.4020183486238551,UNKNOWN
2021-07-11T01:10,-0.3979816513761456,UNKNOWN
2021-07-11T01:11,-0.9979816513761435,UNKNOWN
2021-07-11T01:12,-1.597981651376145,UNKNOWN
2021-07-11T01:13,-2.097981651376145,UNKNOWN
2021-07-11T01:14,-2.4979816513761435,UNKNOWN
2021-07-11T01:15,-2.4979816513761435,UNKNOWN
2021-07-11T01:16,-2.297981651376144,UNKNOWN
2021-07-11T01:17,-1.9979816513761435,UNKNOWN
2021-07-11T01:18,-2.097981651376145,UNKNOWN
2021-07-11T01:19,-2.297981651376144,UNKNOWN
2021-07-11T01:20,-2.4979816513761435,UNKNOWN
2021-07-11T01:21,-2.4979816513761435,UNKNOWN
2021-07-11T01:22,-2.1979816513761463,UNKNOWN
2021-07-11T01:23,-1.6979816513761463,UNKNOWN
2021-07-11T01:24,-1.1979816513761463,UNKNOWN
2021-07-11T01:25,-0.7979816513761442,UNKNOWN
2021-07-11T01:26,-0.3979816513761456,UNKNOWN
2021-07-11T01:27,-0.19798165137614632,UNKNOWN
2021-07-11T01:28,0.10201834862385795,UNKNOWN
2021-07-11T01:29,0.3020183486238537,UNKNOWN
2021-07-11T01:30,0.602018348623858,UNKNOWN
2021-07-11T01:31,0.7020183486238523,UNKNOWN
2021-07-11T01:32,0.9020183486238551,UNKNOWN
2021-07-11T01:33,0.9020183486238551,UNKNOWN
2021-07-11T01:34,1.0020183486238565,UNKNOWN
2021-07-11T01:35,1.102018348623858,UNKNOWN
2021-07-11T01:36,1.102018348623858,UNKNOWN
2021-07-11T01:37,1.2020183486238523,UNKNOWN
2021-07-11T01:38,1.2020183486238523,UNKNOWN
2021-07-11T01:39,1.102018348623858,UNKNOWN
2021-07-11T01:40,0.9020183486238551,UNKNOWN
2021-07-11T01:41,0.8020183486238537,UNKNOWN
2021-07-11T01:42,0.602018348623858,UNKNOWN
2021-07-11T01:43,0.5020183486238565,UNKNOWN
2021-07-11T01:44,0.4020183486238551,UNKNOWN
2021-07-11T01:45,0.3020183486238537,UNKNOWN
2021-07-11T01:46,0.20201834862385226,UNKNOWN
2021-07-11T01:47,0.20201834862385226,UNKNOWN
2021-07-11T01:48,0.20201834862385226,UNKNOWN
2021-07-11T01:49,0.20201834862385226,UNKNOWN
2021-07-11T01:50,0.3020183486238537,UNKNOWN
2021-07-11T01:51,0.3020183486238537,UNKNOWN
2021-07-11T01:52,0.20201834862385226,UNKNOWN
2021-07-11T01:53,0.20201834862385226,UNKNOWN
2021-07-11T01:54,0.20201834862385226,UNKNOWN
2021-07-11T01:55,0.20201834862385226,UNKNOWN
2021-07-11T01:56,0.20201834862385226,UNKNOWN
2021-07-11T01:57,0.20201834862385226,UNKNOWN
2021-07-11T01:58,0.20201834862385226,UNKNOWN
2021-07-11T01:59,0.10201834862385795,UNKNOWN
2021-07-11T02:00,0.10201834862385795,UNKNOWN
2021-07-11T02:01,0.10201834862385795,UNKNOWN
2021-07-11T02:02,0.10201834862385795,UNKNOWN
2021-07-11T02:03,0.10201834862385795,UNKNOWN
2021-07-11T02:04,0.10201834862385795,UNKNOWN
2021-07-11T02:05,0.10201834862385795,UNKNOWN
2021-07-11T02:06,0.002018348623856525,UNKNOWN
2021-07-11T02:07,-0.0979816513761449,UNKNOWN
2021-07-11T02:08,-0.0979816513761449,UNKNOWN
2021-07-11T02:09,-0.0979816513761449,UNKNOWN
2021-07-11T02:10,-0.19798165137614632,UNKNOWN
2021-07-11T02:11,-0.19798165137614632,UNKNOWN
2021-07-11T02:12,-0.19798165137614632,UNKNOWN
2021-07-11T02:13,-0.19798165137614632,UNKNOWN
2021-07-11T02:14,-0.2979816513761442,UNKNOWN
2021-07-11T02:15,-0.2979816513761442,UNKNOWN
2021-07-11T02:16,-0.2979816513761442,UNKNOWN
2021-07-11T02:17,-0.2979816513761442,UNKNOWN
2021-07-11T02:18,-0.2979816513761442,UNKNOWN
2021-07-11T02:19,-0.3979816513761456,UNKNOWN
2021-07-11T02:20,-0.3979816513761456,UNKNOWN
2021-07-11T02:21,-0.4979816513761435,UNKNOWN
2021-07-11T02:22,-0.4979816513761435,UNKNOWN
2021-07-11T02:23,-0.4979816513761435,UNKNOWN
2021-07-11T02:24,-0.4979816513761435,UNKNOWN
2021-07-11T02:25,-0.4979816513761435,UNKNOWN
2021-07-11T02:26,-0.4979816513761435,UNKNOWN
2021-07-11T02:27,-0.4979816513761435,UNKNOWN
2021-07-11T02:28,-0.4979816513761435,UNKNOWN
2021-07-11T02:29,-0.4979816513761435,UNKNOWN
2021-07-11T02:30,-0.4979816513761435,UNKNOWN
2021-07-11T02:31,-0.4979816513761435,UNKNOWN
2021-07-11T02:32,-0.4979816513761435,UNKNOWN
2021-07-11T02:33,-0.4979816513761435,UNKNOWN
2021-07-11T02:34,-0.4979816513761435,UNKNOWN
2021-07-11T02:35,-0.4979816513761435,UNKNOWN
2021-07-11T02:36,-0.4979816513761435,UNKNOWN
2021-07-11T02:37,-0.3979816513761456,UNKNOWN
2021-07-11T02:38,-0.2979816513761442,UNKNOWN
2021-07-11T02:39,-0.19798165137614632,UNKNOWN
2021-07-11T02:40,-0.0979816513761449,UNKNOWN
2021-07-11T02:41,0.002018348623856525,UNKNOWN
2021-07-11T02:42,0.10201834862385795,UNKNOWN
2021-07-11T02:43,0.20201834862385226,UNKNOWN
2021-07-11T02:44,0.4020183486238551,UNKNOWN
2021-07-11T02:45,0.4020183486238551,UNKNOWN
2021-07-11T02:46,0.602018348623858,UNKNOWN
2021-07-11T02:47,0.7020183486238523,UNKNOWN
2021-07-11T02:48,0.7020183486238523,UNKNOWN
2021-07-11T02:49,0.8020183486238537,UNKNOWN
2021-07-11T02:50,0.9020183486238551,UNKNOWN
2021-07-11T02:51,0.9020183486238551,UNKNOWN
2021-07-11T02:52,1.0020183486238565,UNKNOWN
2021-07-11T02:53,1.0020183486238565,UNKNOWN
2021-07-11T02:54,1.102018348623858,UNKNOWN
2021-07-11T02:55,1.102018348623858,UNKNOWN
2021-07-11T02:56,1.2020183486238523,UNKNOWN
2021-07-11T02:57,1.2020183486238523,UNKNOWN
2021-07-11T02:58,1.3020183486238537,UNKNOWN
2021-07-11T02:59,1.3020183486238537,UNKNOWN
2021-07-11T03:00,1.3020183486238537,UNKNOWN
2021-07-11T03:01,1.3020183486238537,UNKNOWN
2021-07-11T03:02,1.2020183486238523,UNKNOWN
2021-07-11T03:03,1.2020183486238523,UNKNOWN
2021-07-11T03:04,1.102018348623858,UNKNOWN
2021-07-11T03:05,1.102018348623858,UNKNOWN
2021-07-11T03:06,1.0020183486238565,UNKNOWN
2021-07-11T03:07,1.0020183486238565,UNKNOWN
2021-07-11T03:08,1.0020183486238565,UNKNOWN
2021-07-11T03:09,1.0020183486238565,UNKNOWN
2021-07-11T03:10,1.0020183486238565,UNKNOWN
2021-07-11T03:11,1.0020183486238565,UNKNOWN
2021-07-11T03:12,1.0020183486238565,UNKNOWN
2021-07-11T03:13,1.0020183486238565,UNKNOWN
2021-07-11T03:14,1.0020183486238565,UNKNOWN
2021-07-11T03:15,1.0020183486238565,UNKNOWN
2021-07-11T03:16,1.0020183486238565,UNKNOWN
2021-07-11T03:17,1.0020183486238565,UNKNOWN
2021-07-11T03:18,0.9020183486238551,UNKNOWN
2021-07-11T03:19,0.7020183486238523,UNKNOWN
2021-07-11T03:20,0.7020183486238523,UNKNOWN
2021-07-11T03:21,0.602018348623858,UNKNOWN
2021-07-11T03:22,0.602018348623858,UNKNOWN
2021-07-11T03:23,0.5020183486238565,UNKNOWN
2021-07-11T03:24,0.5020183486238565,UNKNOWN
2021-07-11T03:25,0.4020183486238551,UNKNOWN
2021-07-11T03:26,0.002018348623856525,UNKNOWN
2021-07-11T03:27,-0.3979816513761456,UNKNOWN
2021-07-11T03:28,-0.6979816513761463,UNKNOWN
2021-07-11T03:29,-0.9979816513761435,UNKNOWN
2021-07-11T03:30,-1.1979816513761463,UNKNOWN
2021-07-11T03:31,-1.3979816513761456,UNKNOWN
2021-07-11T03:32,-1.4979816513761435,UNKNOWN
2021-07-11T03:33,-1.597981651376145,UNKNOWN
2021-07-11T03:34,-1.6979816513761463,UNKNOWN
2021-07-11T03:35,-1.597981651376145,UNKNOWN
2021-07-11T03:36,-1.6979816513761463,UNKNOWN
2021-07-11T03:37,-1.8979816513761456,UNKNOWN
2021-07-11T03:38,-2.097981651376145,UNKNOWN
2021-07-11T03:39,-2.297981651376144,UNKNOWN
2021-07-11T03:40,-2.4979816513761435,UNKNOWN
2021-07-11T03:41,-2.6979816513761463,UNKNOWN
2021-07-11T03:42,-2.8979816513761456,UNKNOWN
2021-07-11T03:43,-2.9979816513761435,UNKNOWN
2021-07-11T03:44,-2.9979816513761435,UNKNOWN
2021-07-11T03:45,-2.8979816513761456,UNKNOWN
2021-07-11T03:46,-2.4979816513761435,UNKNOWN
2021-07-11T03:47,-2.1979816513761463,UNKNOWN
2021-07-11T03:48,-1.8979816513761456,UNKNOWN
2021-07-11T03:49,-1.597981651376145,UNKNOWN
2021-07-11T03:50,-1.3979816513761456,UNKNOWN
2021-07-11T03:51,-1.1979816513761463,UNKNOWN
2021-07-11T03:52,-0.9979816513761435,UNKNOWN
2021-07-11T03:53,-0.8979816513761456,UNKNOWN
2021-07-11T03:54,-0.6979816513761463,UNKNOWN
2021-07-11T03:55,-0.5979816513761449,UNKNOWN
2021-07-11T03:56,-0.4979816513761435,UNKNOWN
2021-07-11T03:57,-0.2979816513761442,UNKNOWN
2021-07-11T03:58,-0.2979816513761442,UNKNOWN
2021-07-11T03:59,-0.19798165137614632,UNKNOWN
2021-07-11T04:00,-0.0979816513761449,UNKNOWN
2021-07-11T04:01,0.002018348623856525,UNKNOWN
2021-07-11T04:02,0.002018348623856525,UNKNOWN
2021-07-11T04:03,0.10201834862385795,UNKNOWN
2021-07-11T04:04,0.20201834862385226,UNKNOWN
2021-07-11T04:05,0.20201834862385226,UNKNOWN
2021-07-11T04:06,0.20201834862385226,UNKNOWN
2021-07-11T04:07,0.3020183486238537,UNKNOWN
2021-07-11T04:08,0.3020183486238537,UNKNOWN
2021-07-11T04:09,0.4020183486238551,UNKNOWN
2021-07-11T04:10,0.4020183486238551,UNKNOWN
2021-07-11T04:11,0.4020183486238551,UNKNOWN
2021-07-11T04:12,0.4020183486238551,UNKNOWN
2021-07-11T04:13,0.5020183486238565,UNKNOWN
2021-07-11T04:14,0.5020183486238565,UNKNOWN
2021-07-11T04:15,0.5020183486238565,UNKNOWN
2021-07-11T04:16,0.5020183486238565,UNKNOWN
2021-07-11T04:17,0.4020183486238551,UNKNOWN
2021-07-11T04:18,0.4020183486238551,UNKNOWN
2021-07-11T04:19,0.4020183486238551,UNKNOWN
2021-07-11T04:20,0.4020183486238551,UNKNOWN
2021-07-11T04:21,0.4020183486238551,UNKNOWN
2021-07-11T04:22,0.4020183486238551,UNKNOWN
2021-07-11T04:23,0.20201834862385226,UNKNOWN
2021-07-11T04:24,0.002018348623856525,UNKNOWN
2021-07-11T04:25,-0.3979816513761456,UNKNOWN
2021-07-11T04:26,-0.6979816513761463,UNKNOWN
2021-07-11T04:27,-1.097981651376145,UNKNOWN
2021-07-11T04:28,-1.2979816513761442,UNKNOWN
2021-07-11T04:29,-1.097981651376145,UNKNOWN
2021-07-11T04:30,-0.4979816513761435,UNKNOWN
2021-07-11T04:31,0.10201834862385795,UNKNOWN
2021-07-11T04:32,0.5020183486238565,UNKNOWN
2021-07-11T04:33,0.9020183486238551,UNKNOWN
2021-07-11T04:34,1.2020183486238523,UNKNOWN
2021-07-11T04:35,1.402018348623855,UNKNOWN
2021-07-11T04:36,1.602018348623858,UNKNOWN
2021-07-11T04:37,1.5020183486238565,UNKNOWN
2021-07-11T04:38,1.5020183486238565,UNKNOWN
2021-07-11T04:39,1.402018348623855,UNKNOWN
2021-07-11T04:40,1.402018348623855,UNKNOWN
2021-07-11T04:41,1.402018348623855,UNKNOWN
2021-07-11T04:42,1.402018348623855,UNKNOWN
2021-07-11T04:43,1.402018348623855,UNKNOWN
2021-07-11T04:44,1.402018348623855,UNKNOWN
2021-07-11T04:45,1.2020183486238523,UNKNOWN
2021-07-11T04:46,0.8020183486238537,UNKNOWN
2021-07-11T04:47,0.602018348623858,UNKNOWN
2021-07-11T04:48,0.4020183486238551,UNKNOWN
2021-07-11T04:49,0.20201834862385226,UNKNOWN
2021-07-11T04:50,0.10201834862385795,UNKNOWN
2021-07-11T04:51,0.002018348623856525,UNKNOWN
2021-07-11T04:52,-0.0979816513761449,UNKNOWN
2021-07-11T04:53,-0.2979816513761442,UNKNOWN
2021-07-11T04:54,-0.5979816513761449,UNKNOWN
2021-07-11T04:55,-0.9979816513761435,UNKNOWN
2021-07-11T04:56,-1.2979816513761442,UNKNOWN
2021-07-11T04:57,-1.597981651376145,UNKNOWN
2021-07-11T04:58,-1.7979816513761442,UNKNOWN
2021-07-11T04:59,-1.8979816513761456,UNKNOWN
2021-07-11T05:00,-2.097981651376145,UNKNOWN
2021-07-11T05:01,-2.297981651376144,UNKNOWN
2021-07-11T05:02,-2.297981651376144,UNKNOWN
2021-07-11T05:03,-2.3979816513761456,UNKNOWN
2021-07-11T05:04,-2.3979816513761456,UNKNOWN
2021-07-11T05:05,-2.3979816513761456,UNKNOWN
2021-07-11T05:06,-2.3979816513761456,UNKNOWN
2021-07-11T05:07,-2.297981651376144,UNKNOWN
2021-07-11T05:08,-2.297981651376144,UNKNOWN
2021-07-11T05:09,-2.1979816513761463,UNKNOWN
2021-07-11T05:10,-2.1979816513761463,UNKNOWN
2021-07-11T05:11,-2.1979816513761463,UNKNOWN
2021-07-11T05:12,-2.097981651376145,UNKNOWN
2021-07-11T05:13,-1.9979816513761435,UNKNOWN
2021-07-11T05:14,-2.097981651376145,UNKNOWN
2021-07-11T05:15,-2.097981651376145,UNKNOWN
2021-07-11T05:16,-2.097981651376145,UNKNOWN
2021-07-11T05:17,-2.097981651376145,UNKNOWN
2021-07-11T05:18,-1.9979816513761435,UNKNOWN
2021-07-11T05:19,-1.8979816513761456,UNKNOWN
2021-07-11T05:20,-1.8979816513761456,UNKNOWN
2021-07-11T05:21,-1.7979816513761442,UNKNOWN
2021-07-11T05:22,-1.6979816513761463,UNKNOWN
2021-07-11T05:23,-1.6979816513761463,UNKNOWN
2021-07-11T05:24,-1.6979816513761463,UNKNOWN
2021-07-11T05:25,-1.6979816513761463,UNKNOWN
2021-07-11T05:26,-1.597981651376145,UNKNOWN
2021-07-11T05:27,-1.597981651376145,UNKNOWN
2021-07-11T05:28,-1.597981651376145,UNKNOWN
2021-07-11T05:29,-1.6979816513761463,UNKNOWN
2021-07-11T05:30,-1.9979816513761435,UNKNOWN
2021-07-11T05:31,-2.297981651376144,UNKNOWN
2021-07-11T05:32,-2.597981651376145,UNKNOWN
2021-07-11T05:33,-2.8979816513761456,UNKNOWN
2021-07-11T05:34,-3.1979816513761463,UNKNOWN
2021-07-11T05:35,-3.3979816513761456,UNKNOWN
2021-07-11T05:36,-3.597981651376145,UNKNOWN
2021-07-11T05:37,-3.797981651376144,UNKNOWN
2021-07-11T05:38,-3.8979816513761456,UNKNOWN
2021-07-11T05:39,-4.097981651376145,UNKNOWN
2021-07-11T05:40,-4.197981651376146,UNKNOWN
2021-07-11T05:41,-4.297981651376144,UNKNOWN
2021-07-11T05:42,-3.797981651376144,UNKNOWN
2021-07-11T05:43,-3.4979816513761435,UNKNOWN
2021-07-11T05:44,-3.1979816513761463,UNKNOWN
2021-07-11T05:45,-2.8979816513761456,UNKNOWN
2021-07-11T05:46,-2.597981651376145,UNKNOWN
2021-07-11T05:47,-2.297981651376144,UNKNOWN
2021-07-11T05:48,-1.9979816513761435,UNKNOWN
2021-07-11T05:49,-1.7979816513761442,UNKNOWN
2021-07-11T05:50,-1.597981651376145,UNKNOWN
2021-07-11T05:51,-1.3979816513761456,UNKNOWN
2021-07-11T05:52,-1.1979816513761463,UNKNOWN
2021-07-11T05:53,-0.9979816513761435,UNKNOWN
2021-07-11T05:54,-1.097981651376145,UNKNOWN
2021-07-11T05:55,-1.097981651376145,UNKNOWN
2021-07-11T05:56,-0.9979816513761435,UNKNOWN
2021-07-11T05:57,-0.7979816513761442,UNKNOWN
2021-07-11T05:58,-0.6979816513761463,UNKNOWN
2021-07-11T05:59,-0.5979816513761449,UNKNOWN
2021-07-11T06:00,-0.4979816513761435,UNKNOWN
2021-07-11T06:01,-0.3979816513761456,UNKNOWN
2021-07-11T06:02,-0.0979816513761449,UNKNOWN
2021-07-11T06:03,0.002018348623856525,UNKNOWN
2021-07-11T06:04,0.10201834862385795,UNKNOWN
2021-07-11T06:05,0.20201834862385226,UNKNOWN
2021-07-11T06:06,0.4020183486238551,UNKNOWN
2021-07-11T06:07,0.5020183486238565,UNKNOWN
2021-07-11T06:08,0.7020183486238523,UNKNOWN
2021-07-11T06:09,0.8020183486238537,UNKNOWN
2021-07-11T06:10,0.9020183486238551,UNKNOWN
2021-07-11T06:11,1.0020183486238565,UNKNOWN
2021-07-11T06:12,1.0020183486238565,UNKNOWN
2021-07-11T06:13,1.2020183486238523,UNKNOWN
2021-07-11T06:14,1.3020183486238537,UNKNOWN
2021-07-11T06:15,1.402018348623855,UNKNOWN
2021-07-11T06:16,1.5020183486238565,UNKNOWN
2021-07-11T06:17,1.602018348623858,UNKNOWN
2021-07-11T06:18,1.602018348623858,UNKNOWN
2021-07-11T06:19,1.5020183486238565,UNKNOWN
2021-07-11T06:20,1.5020183486238565,UNKNOWN
2021-07-11T06:21,1.3020183486238537,UNKNOWN
2021-07-11T06:22,0.9020183486238551,UNKNOWN
2021-07-11T06:23,0.602018348623858,UNKNOWN
2021-07-11T06:24,0.4020183486238551,UNKNOWN
2021-07-11T06:25,0.20201834862385226,UNKNOWN
2021-07-11T06:26,-0.0979816513761449,UNKNOWN
2021-07-11T06:27,-0.2979816513761442,UNKNOWN
2021-07-11T06:28,-0.3979816513761456,UNKNOWN
2021-07-11T06:29,-0.4979816513761435,UNKNOWN
2021-07-11T06:30,-0.5979816513761449,UNKNOWN
2021-07-11T06:31,-0.5979816513761449,UNKNOWN
2021-07-11T06:32,-0.5979816513761449,UNKNOWN
2021-07-11T06:33,-0.5979816513761449,UNKNOWN
2021-07-11T06:34,-0.4979816513761435,UNKNOWN
2021-07-11T06:35,-0.4979816513761435,UNKNOWN
2021-07-11T06:36,-0.4979816513761435,UNKNOWN
2021-07-11T06:37,-0.5979816513761449,UNKNOWN
2021-07-11T06:38,-0.6979816513761463,UNKNOWN
2021-07-11T06:39,-0.8979816513761456,UNKNOWN
2021-07-11T06:40,-1.097981651376145,UNKNOWN
2021-07-11T06:41,-1.1979816513761463,UNKNOWN
2021-07-11T06:42,-1.1979816513761463,UNKNOWN
2021-07-11T06:43,-1.2979816513761442,UNKNOWN
2021-07-11T06:44,-1.3979816513761456,UNKNOWN
2021-07-11T06:45,-1.4979816513761435,UNKNOWN
2021-07-11T06:46,-1.597981651376145,UNKNOWN
2021-07-11T06:47,-1.6979816513761463,UNKNOWN
2021-07-11T06:48,-1.7979816513761442,UNKNOWN
2021-07-11T06:49,-1.6979816513761463,UNKNOWN
2021-07-11T06:50,-1.7979816513761442,UNKNOWN
2021-07-11T06:51,-1.8979816513761456,UNKNOWN
2021-07-11T06:52,-1.8979816513761456,UNKNOWN
2021-07-11T06:53,-1.8979816513761456,UNKNOWN
2021-07-11T06:54,-1.8979816513761456,UNKNOWN
2021-07-11T06:55,-1.8979816513761456,UNKNOWN
2021-07-11T06:56,-1.8979816513761456,UNKNOWN
2021-07-11T06:57,-1.8979816513761456,UNKNOWN
2021-07-11T06:58,-1.8979816513761456,UNKNOWN
2021-07-11T06:59,-2.097981651376145,UNKNOWN
2021-07-11T07:00,-2.297981651376144,UNKNOWN
2021-07-11T07:01,-2.597981651376145,UNKNOWN
2021-07-11T07:02,-2.8979816513761456,UNKNOWN
2021-07-11T07:03,-2.9979816513761435,UNKNOWN
2021-07-11T07:04,-3.097981651376145,UNKNOWN
2021-07-11T07:05,-2.9979816513761435,UNKNOWN
2021-07-11T07:06,-2.8979816513761456,UNKNOWN
2021-07-11T07:07,-2.797981651376144,UNKNOWN
2021-07-11T07:08,-2.597981651376145,UNKNOWN
2021-07-11T07:09,-2.3979816513761456,UNKNOWN
2021-07-11T07:10,-2.3979816513761456,UNKNOWN
2021-07-11T07:11,-2.1979816513761463,UNKNOWN
2021-07-11T07:12,-2.097981651376145,UNKNOWN
2021-07-11T07:13,-2.097981651376145,UNKNOWN
2021-07-11T07:14,-1.9979816513761435,UNKNOWN
2021-07-11T07:15,-1.9979816513761435,UNKNOWN
2021-07-11T07:16,-1.9979816513761435,UNKNOWN
2021-07-11T07:17,-1.9979816513761435,UNKNOWN
2021-07-11T07:18,-1.8979816513761456,UNKNOWN
2021-07-11T07:19,-1.8979816513761456,UNKNOWN
2021-07-11T07:20,-1.9979816513761435,UNKNOWN
2021-07-11T07:21,-1.9979816513761435,UNKNOWN
2021-07-11T07:22,-1.9979816513761435,UNKNOWN
2021-07-11T07:23,-1.9979816513761435,UNKNOWN
2021-07-11T07:24,-1.9979816513761435,UNKNOWN
2021-07-11T07:25,-1.9979816513761435,UNKNOWN
2021-07-11T07:26,-1.8979816513761456,UNKNOWN
2021-07-11T07:27,-2.097981651376145,UNKNOWN
2021-07-11T07:28,-2.3979816513761456,UNKNOWN
2021-07-11T07:29,-2.4979816513761435,UNKNOWN
2021-07-11T07:30,-2.6979816513761463,UNKNOWN
2021-07-11T07:31,-2.8979816513761456,UNKNOWN
2021-07-11T07:32,-2.8979816513761456,UNKNOWN
2021-07-11T07:33,-3.097981651376145,UNKNOWN
2021-07-11T07:34,-3.1979816513761463,UNKNOWN
2021-07-11T07:35,-3.297981651376144,UNKNOWN
2021-07-11T07:36,-3.3979816513761456,UNKNOWN
2021-07-11T07:37,-3.4979816513761435,UNKNOWN
2021-07-11T07:38,-3.4979816513761435,UNKNOWN
2021-07-11T07:39,-3.3979816513761456,UNKNOWN
2021-07-11T07:40,-3.3979816513761456,UNKNOWN
2021-07-11T07:41,-3.3979816513761456,UNKNOWN
2021-07-11T07:42,-3.3979816513761456,UNKNOWN
2021-07-11T07:43,-3.3979816513761456,UNKNOWN
2021-07-11T07:44,-3.3979816513761456,UNKNOWN
2021-07-11T07:45,-3.3979816513761456,UNKNOWN
2021-07-11T07:46,-3.4979816513761435,UNKNOWN
2021-07-11T07:47,-3.297981651376144,UNKNOWN
2021-07-11T07:48,-3.3979816513761456,UNKNOWN
2021-07-11T07:49,-3.3979816513761456,UNKNOWN
2021-07-11T07:50,-3.3979816513761456,UNKNOWN
2021-07-11T07:51,-3.3979816513761456,UNKNOWN
2021-07-11T07:52,-3.3979816513761456,UNKNOWN
2021-07-11T07:53,-3.3979816513761456,UNKNOWN
2021-07-11T07:54,-3.3979816513761456,UNKNOWN
2021-07-11T07:55,-3.3979816513761456,UNKNOWN
2021-07-11T07:56,-3.4979816513761435,UNKNOWN
2021-07-11T07:57,-3.4979816513761435,UNKNOWN
2021-07-11T07:58,-3.597981651376145,UNKNOWN
2021-07-11T07:59,-3.597981651376145,UNKNOWN
2021-07-11T08:00,-3.597981651376145,UNKNOWN
2021-07-11T08:01,-3.4979816513761435,UNKNOWN
2021-07-11T08:02,-3.4979816513761435,UNKNOWN
2021-07-11T08:03,-3.4979816513761435,UNKNOWN
2021-07-11T08:04,-3.4979816513761435,UNKNOWN
2021-07-11T08:05,-3.4979816513761435,UNKNOWN
2021-07-11T08:06,-3.597981651376145,UNKNOWN
2021-07-11T08:07,-3.4979816513761435,UNKNOWN
2021-07-11T08:08,-3.3979816513761456,UNKNOWN
2021-07-11T08:09,-3.3979816513761456,UNKNOWN
2021-07-11T08:10,-3.4979816513761435,UNKNOWN
2021-07-11T08:11,-3.3979816513761456,UNKNOWN
2021-07-11T08:12,-3.3979816513761456,UNKNOWN
2021-07-11T08:13,-3.4979816513761435,UNKNOWN
2021-07-11T08:14,-3.6979816513761463,UNKNOWN
2021-07-11T08:15,-3.6979816513761463,UNKNOWN
2021-07-11T08:16,-3.797981651376144,UNKNOWN
2021-07-11T08:17,-3.8979816513761456,UNKNOWN
2021-07-11T08:18,-3.797981651376144,UNKNOWN
2021-07-11T08:19,-3.597981651376145,UNKNOWN
2021-07-11T08:20,-3.3979816513761456,UNKNOWN
2021-07-11T08:21,-3.297981651376144,UNKNOWN
2021-07-11T08:22,-3.1979816513761463,UNKNOWN
2021-07-11T08:23,-2.9979816513761435,UNKNOWN
2021-07-11T08:24,-3.097981651376145,UNKNOWN
2021-07-11T08:25,-3.097981651376145,UNKNOWN
2021-07-11T08:26,-3.097981651376145,UNKNOWN
2021-07-11T08:27,-2.9979816513761435,UNKNOWN
2021-07-11T08:28,-2.9979816513761435,UNKNOWN
2021-07-11T08:29,-3.097981651376145,UNKNOWN
2021-07-11T08:30,-3.097981651376145,UNKNOWN
2021-07-11T08:31,-2.9979816513761435,UNKNOWN
2021-07-11T08:32,-2.9979816513761435,UNKNOWN
2021-07-11T08:33,-3.097981651376145,UNKNOWN
2021-07-11T08:34,-3.097981651376145,UNKNOWN
2021-07-11T08:35,-3.097981651376145,UNKNOWN
2021-07-11T08:36,-3.097981651376145,UNKNOWN
2021-07-11T08:37,-2.9979816513761435,UNKNOWN
2021-07-11T08:38,-2.9979816513761435,UNKNOWN
2021-07-11T08:39,-2.8979816513761456,UNKNOWN
2021-07-11T08:40,-2.8979816513761456,UNKNOWN
2021-07-11T08:41,-2.8979816513761456,UNKNOWN
2021-07-11T08:42,-2.8979816513761456,UNKNOWN
2021-07-11T08:43,-2.8979816513761456,UNKNOWN
2021-07-11T08:44,-2.8979816513761456,UNKNOWN
2021-07-11T08:45,-2.8979816513761456,UNKNOWN
2021-07-11T08:46,-2.8979816513761456,UNKNOWN
2021-07-11T08:47,-2.8979816513761456,UNKNOWN
2021-07-11T08:48,-2.9979816513761435,UNKNOWN
2021-07-11T08:49,-2.9979816513761435,UNKNOWN
2021-07-11T08:50,-2.9979816513761435,UNKNOWN
2021-07-11T08:51,-2.8979816513761456,UNKNOWN
2021-07-11T08:52,-2.8979816513761456,UNKNOWN
2021-07-11T08:53,-2.797981651376144,UNKNOWN
2021-07-11T08:54,-2.6979816513761463,UNKNOWN
2021-07-11T08:55,-2.597981651376145,UNKNOWN
2021-07-11T08:56,-2.597981651376145,UNKNOWN
2021-07-11T08:57,-2.6979816513761463,UNKNOWN
2021-07-11T08:58,-2.597981651376145,UNKNOWN
2021-07-11T08:59,-2.597981651376145,UNKNOWN
2021-07-11T09:00,-2.4979816513761435,UNKNOWN
2021-07-11T09:01,-2.3979816513761456,UNKNOWN
2021-07-11T09:02,-2.3979816513761456,UNKNOWN
2021-07-11T09:03,-2.3979816513761456,UNKNOWN
2021-07-11T09:04,-2.4979816513761435,UNKNOWN
2021-07-11T09:05,-2.4979816513761435,UNKNOWN
2021-07-11T09:06,-2.4979816513761435,UNKNOWN
2021-07-11T09:07,-2.4979816513761435,UNKNOWN
2021-07-11T09:08,-2.4979816513761435,UNKNOWN
2021-07-11T09:09,-2.4979816513761435,UNKNOWN
2021-07-11T09:10,-2.4979816513761435,UNKNOWN
2021-07-11T09:11,-2.4979816513761435,UNKNOWN
2021-07-11T09:12,-2.597981651376145,UNKNOWN
2021-07-11T09:13,-2.6979816513761463,UNKNOWN
2021-07-11T09:14,-2.4979816513761435,UNKNOWN
2021-07-11T09:15,-2.1979816513761463,UNKNOWN
2021-07-11T09:16,-2.097981651376145,UNKNOWN
2021-07-11T09:17,-1.9979816513761435,UNKNOWN
2021-07-11T09:18,-1.8979816513761456,UNKNOWN
2021-07-11T09:19,-1.8979816513761456,UNKNOWN
2021-07-11T09:20,-1.8979816513761456,UNKNOWN
2021-07-11T09:21,-1.8979816513761456,UNKNOWN
2021-07-11T09:22,-2.097981651376145,UNKNOWN
2021-07-11T09:23,-2.1979816513761463,UNKNOWN
2021-07-11T09:24,-2.3979816513761456,UNKNOWN
2021-07-11T09:25,-2.4979816513761435,UNKNOWN
2021-07-11T09:26,-2.597981651376145,UNKNOWN
2021-07-11T09:27,-2.597981651376145,UNKNOWN
2021-07-11T09:28,-2.4979816513761435,UNKNOWN
2021-07-11T09:29,-2.4979816513761435,UNKNOWN
2021-07-11T09:30,-2.4979816513761435,UNKNOWN
2021-07-11T09:31,-2.3979816513761456,UNKNOWN
2021-07-11T09:32,-2.4979816513761435,UNKNOWN
2021-07-11T09:33,-2.6979816513761463,UNKNOWN
2021-07-11T09:34,-2.6979816513761463,UNKNOWN
2021-07-11T09:35,-2.8979816513761456,UNKNOWN
2021-07-11T09:36,-3.1979816513761463,UNKNOWN
2021-07-11T09:37,-3.4979816513761435,UNKNOWN
2021-07-11T09:38,-3.6979816513761463,UNKNOWN
2021-07-11T09:39,-3.9979816513761435,UNKNOWN
2021-07-11T09:40,-4.197981651376146,UNKNOWN
2021-07-11T09:41,-4.297981651376144,UNKNOWN
2021-07-11T09:42,-4.397981651376146,UNKNOWN
2021-07-11T09:43,-4.4979816513761435,UNKNOWN
2021-07-11T09:44,-4.4979816513761435,UNKNOWN
2021-07-11T09:45,-3.4979816513761435,UNKNOWN
2021-07-11T09:46,-2.8979816513761456,UNKNOWN
2021-07-11T09:47,-2.797981651376144,UNKNOWN
2021-07-11T09:48,-2.597981651376145,UNKNOWN
2021-07-11T09:49,-2.6979816513761463,UNKNOWN
2021-07-11T09:50,-2.3979816513761456,UNKNOWN
2021-07-11T09:51,-2.3979816513761456,UNKNOWN
2021-07-11T09:52,-2.3979816513761456,UNKNOWN
2021-07-11T09:53,-2.597981651376145,UNKNOWN
2021-07-11T09:54,-2.297981651376144,UNKNOWN
2021-07-11T09:55,-2.1979816513761463,UNKNOWN
2021-07-11T09:56,-2.3979816513761456,UNKNOWN
2021-07-11T09:57,-2.6979816513761463,UNKNOWN
2021-07-11T09:58,-2.8979816513761456,UNKNOWN
2021-07-11T09:59,-2.797981651376144,UNKNOWN
2021-07-11T10:00,-2.597981651376145,UNKNOWN
2021-07-11T10:01,-2.297981651376144,UNKNOWN
2021-07-11T10:02,-2.1979816513761463,UNKNOWN
2021-07-11T10:03,-1.8979816513761456,UNKNOWN
2021-07-11T10:04,-1.597981651376145,UNKNOWN
2021-07-11T10:05,-1.3979816513761456,UNKNOWN
2021-07-11T10:06,-0.9979816513761435,UNKNOWN
2021-07-11T10:07,-0.8979816513761456,UNKNOWN
2021-07-11T10:08,-1.097981651376145,UNKNOWN
2021-07-11T10:09,-1.3979816513761456,UNKNOWN
2021-07-11T10:10,-1.597981651376145,UNKNOWN
2021-07-11T10:11,-1.8979816513761456,UNKNOWN
2021-07-11T10:12,-1.9979816513761435,UNKNOWN
2021-07-11T10:13,-1.9979816513761435,UNKNOWN
2021-07-11T10:14,-2.097981651376145,UNKNOWN
2021-07-11T10:15,-2.097981651376145,UNKNOWN
2021-07-11T10:16,-2.1979816513761463,UNKNOWN
2021-07-11T10:17,-2.297981651376144,UNKNOWN
2021-07-11T10:18,-2.097981651376145,UNKNOWN
2021-07-11T10:19,-1.7979816513761442,UNKNOWN
2021-07-11T10:20,-1.1979816513761463,UNKNOWN
2021-07-11T10:21,-1.097981651376145,UNKNOWN
2021-07-11T10:22,-1.3979816513761456,UNKNOWN
2021-07-11T10:23,-1.097981651376145,UNKNOWN
2021-07-11T10:24,-0.4979816513761435,UNKNOWN
2021-07-11T10:25,-0.2979816513761442,UNKNOWN
2021-07-11T10:26,-0.6979816513761463,UNKNOWN
2021-07-11T10:27,-0.6979816513761463,UNKNOWN
2021-07-11T10:28,-0.4979816513761435,UNKNOWN
2021-07-11T10:29,-0.5979816513761449,UNKNOWN
2021-07-11T10:30,-0.7979816513761442,UNKNOWN
2021-07-11T10:31,-0.8979816513761456,UNKNOWN
2021-07-11T10:32,-0.9979816513761435,UNKNOWN
2021-07-11T10:33,-1.097981651376145,UNKNOWN
2021-07-11T10:34,-1.097981651376145,UNKNOWN
2021-07-11T10:35,-1.1979816513761463,UNKNOWN
2021-07-11T10:36,-1.3979816513761456,UNKNOWN
2021-07-11T10:37,-1.3979816513761456,UNKNOWN
2021-07-11T10:38,-1.597981651376145,UNKNOWN
2021-07-11T10:39,-1.8979816513761456,UNKNOWN
2021-07-11T10:40,-1.8979816513761456,UNKNOWN
2021-07-11T10:41,-1.7979816513761442,UNKNOWN
2021-07-11T10:42,-1.6979816513761463,UNKNOWN
2021-07-11T10:43,-1.9979816513761435,UNKNOWN
2021-07-11T11:06,-6.4979816513761435,UNKNOWN
2021-07-11T11:07,-5.797981651376144,UNKNOWN
2021-07-11T11:08,-5.397981651376146,UNKNOWN
2021-07-11T11:09,-4.797981651376144,UNKNOWN
2021-07-11T11:10,-3.597981651376145,UNKNOWN
2021-07-11T11:11,-1.9979816513761435,UNKNOWN
2021-07-11T11:12,-0.5979816513761449,UNKNOWN
2021-07-11T11:13,0.5020183486238565,UNKNOWN
2021-07-11T11:14,1.402018348623855,UNKNOWN
2021-07-11T11:15,1.7020183486238523,UNKNOWN
2021-07-11T11:16,2.102018348623858,UNKNOWN
2021-07-11T11:17,2.102018348623858,UNKNOWN
2021-07-11T11:18,2.402018348623855,UNKNOWN
2021-07-11T11:19,2.7020183486238523,UNKNOWN
2021-07-11T11:20,2.902018348623855,UNKNOWN
2021-07-11T11:21,2.7020183486238523,UNKNOWN
2021-07-11T11:22,2.3020183486238537,UNKNOWN
2021-07-11T11:23,2.0020183486238565,UNKNOWN
2021-07-11T11:24,1.8020183486238537,UNKNOWN
2021-07-11T11:25,2.3020183486238537,UNKNOWN
2021-07-11T11:26,2.8020183486238537,UNKNOWN
2021-07-11T11:27,2.902018348623855,UNKNOWN
2021-07-11T11:28,3.0020183486238565,UNKNOWN
2021-07-11T11:29,3.2020183486238523,UNKNOWN
2021-07-11T11:30,2.902018348623855,UNKNOWN
2021-07-11T11:31,2.402018348623855,UNKNOWN
2021-07-11T11:32,2.102018348623858,UNKNOWN
2021-07-11T11:33,2.5020183486238565,UNKNOWN
2021-07-11T11:34,2.8020183486238537,UNKNOWN
2021-07-11T11:35,2.902018348623855,UNKNOWN
2021-07-11T11:36,2.7020183486238523,UNKNOWN
2021-07-11T11:37,2.3020183486238537,UNKNOWN
2021-07-11T11:38,2.0020183486238565,UNKNOWN
2021-07-11T11:39,1.5020183486238565,UNKNOWN
2021-07-11T11:40,1.2020183486238523,UNKNOWN
2021-07-11T11:41,0.4020183486238551,UNKNOWN
2021-07-11T11:42,-0.0979816513761449,UNKNOWN
2021-07-11T11:43,-0.6979816513761463,UNKNOWN
2021-07-11T11:44,-1.097981651376145,UNKNOWN
2021-07-11T11:45,-1.597981651376145,UNKNOWN
2021-07-11T11:46,-1.7979816513761442,UNKNOWN
2021-07-11T11:47,-1.8979816513761456,UNKNOWN
2021-07-11T11:48,-1.8979816513761456,UNKNOWN
2021-07-11T11:49,-1.9979816513761435,UNKNOWN
2021-07-11T11:50,-1.9979816513761435,UNKNOWN
2021-07-11T11:51,-2.097981651376145,UNKNOWN
2021-07-11T11:52,-2.097981651376145,UNKNOWN
2021-07-11T11:53,-1.7979816513761442,UNKNOWN
2021-07-11T11:54,-1.7979816513761442,UNKNOWN
2021-07-11T11:55,-1.8979816513761456,UNKNOWN
2021-07-11T11:56,-2.097981651376145,UNKNOWN
2021-07-11T11:57,-2.097981651376145,UNKNOWN
2021-07-11T11:58,-2.297981651376144,UNKNOWN
2021-07-11T11:59,-2.3979816513761456,UNKNOWN
2021-07-11T12:00,-2.4979816513761435,UNKNOWN
2021-07-11T12:01,-2.4979816513761435,UNKNOWN
2021-07-11T12:02,-2.597981651376145,UNKNOWN
2021-07-11T12:03,-2.597981651376145,UNKNOWN
2021-07-11T12:04,-2.597981651376145,UNKNOWN
2021-07-11T12:05,-2.3979816513761456,UNKNOWN
2021-07-11T12:06,-2.3979816513761456,UNKNOWN
2021-07-11T12:07,-2.3979816513761456,UNKNOWN
2021-07-11T12:08,-2.4979816513761435,UNKNOWN
2021-07-11T12:09,-2.4979816513761435,UNKNOWN
2021-07-11T12:10,-2.597981651376145,UNKNOWN
2021-07-11T12:11,-2.597981651376145,UNKNOWN
2021-07-11T12:12,-2.6979816513761463,UNKNOWN
2021-07-11T12:13,-2.597981651376145,UNKNOWN
2021-07-11T12:14,-2.6979816513761463,UNKNOWN
2021-07-11T12:15,-2.6979816513761463,UNKNOWN
2021-07-11T12:16,-2.6979816513761463,UNKNOWN
2021-07-11T12:17,-1.8979816513761456,UNKNOWN
2021-07-11T12:18,-0.8979816513761456,UNKNOWN
2021-07-11T12:19,0.20201834862385226,UNKNOWN
2021-07-11T12:20,0.9020183486238551,UNKNOWN
2021-07-11T12:21,1.402018348623855,UNKNOWN
2021-07-11T12:22,1.3020183486238537,UNKNOWN
2021-07-11T12:23,1.8020183486238537,UNKNOWN
2021-07-11T12:24,2.0020183486238565,UNKNOWN
2021-07-11T12:25,2.2020183486238523,UNKNOWN
2021-07-11T12:26,2.402018348623855,UNKNOWN
2021-07-11T12:27,2.5020183486238565,UNKNOWN
2021-07-11T12:28,2.3020183486238537,UNKNOWN
2021-07-11T12:29,1.602018348623858,UNKNOWN
2021-07-11T12:30,0.9020183486238551,UNKNOWN
2021-07-11T12:31,0.3020183486238537,UNKNOWN
2021-07-11T12:32,-0.0979816513761449,UNKNOWN
2021-07-11T12:33,-0.19798165137614632,UNKNOWN
2021-07-11T12:34,0.002018348623856525,UNKNOWN
2021-07-11T12:35,-0.4979816513761435,UNKNOWN
2021-07-11T12:36,-0.8979816513761456,UNKNOWN
2021-07-11T12:37,-1.2979816513761442,UNKNOWN
2021-07-11T12:38,-1.3979816513761456,UNKNOWN
2021-07-11T12:39,-0.9979816513761435,UNKNOWN
2021-07-11T12:40,0.002018348623856525,UNKNOWN
2021-07-11T12:41,0.5020183486238565,UNKNOWN
2021-07-11T12:42,0.5020183486238565,UNKNOWN
2021-07-11T12:43,1.2020183486238523,UNKNOWN
2021-07-11T12:44,1.2020183486238523,UNKNOWN
2021-07-11T12:45,0.8020183486238537,UNKNOWN
2021-07-11T12:46,0.4020183486238551,UNKNOWN
2021-07-11T12:47,0.002018348623856525,UNKNOWN
2021-07-11T12:48,-0.2979816513761442,UNKNOWN
2021-07-11T12:49,-0.5979816513761449,UNKNOWN
2021-07-11T12:50,-0.5979816513761449,UNKNOWN
2021-07-11T12:51,-0.3979816513761456,UNKNOWN
2021-07-11T12:52,0.002018348623856525,UNKNOWN
2021-07-11T12:53,0.20201834862385226,UNKNOWN
2021-07-11T12:54,0.5020183486238565,UNKNOWN
2021-07-11T12:55,0.7020183486238523,UNKNOWN
2021-07-11T12:56,0.8020183486238537,UNKNOWN
2021-07-11T12:57,0.8020183486238537,UNKNOWN
2021-07-11T12:58,0.7020183486238523,UNKNOWN
2021-07-11T12:59,0.8020183486238537,UNKNOWN
2021-07-11T13:00,0.7020183486238523,UNKNOWN
2021-07-11T13:01,0.9020183486238551,UNKNOWN
2021-07-11T13:02,0.8020183486238537,UNKNOWN
2021-07-11T13:03,0.7020183486238523,UNKNOWN
2021-07-11T13:04,0.7020183486238523,UNKNOWN
2021-07-11T13:05,0.7020183486238523,UNKNOWN
2021-07-11T13:06,0.9020183486238551,UNKNOWN
2021-07-11T13:07,1.102018348623858,UNKNOWN
2021-07-11T13:08,1.402018348623855,UNKNOWN
2021-07-11T13:09,1.5020183486238565,UNKNOWN
2021-07-11T13:10,1.402018348623855,UNKNOWN
2021-07-11T13:11,1.2020183486238523,UNKNOWN
2021-07-11T13:12,1.2020183486238523,UNKNOWN
2021-07-11T13:13,1.102018348623858,UNKNOWN
2021-07-11T13:14,1.0020183486238565,UNKNOWN
2021-07-11T13:15,1.102018348623858,UNKNOWN
2021-07-11T13:16,1.102018348623858,UNKNOWN
2021-07-11T13:17,1.0020183486238565,UNKNOWN
2021-07-11T13:18,0.9020183486238551,UNKNOWN
2021-07-11T13:19,0.9020183486238551,UNKNOWN
2021-07-11T13:20,0.9020183486238551,UNKNOWN
2021-07-11T13:21,1.102018348623858,UNKNOWN
2021-07-11T13:22,1.2020183486238523,UNKNOWN
2021-07-11T13:23,1.3020183486238537,UNKNOWN
2021-07-11T13:24,1.102018348623858,UNKNOWN
2021-07-11T13:25,1.102018348623858,UNKNOWN
2021-07-11T13:26,1.2020183486238523,UNKNOWN
2021-07-11T13:27,1.2020183486238523,UNKNOWN
2021-07-11T13:28,1.2020183486238523,UNKNOWN
2021-07-11T13:29,1.102018348623858,UNKNOWN
2021-07-11T13:30,0.9020183486238551,UNKNOWN
2021-07-11T13:31,0.7020183486238523,UNKNOWN
2021-07-11T13:32,0.602018348623858,UNKNOWN
2021-07-11T13:33,0.5020183486238565,UNKNOWN
2021-07-11T13:34,0.20201834862385226,UNKNOWN
2021-07-11T13:35,0.002018348623856525,UNKNOWN
2021-07-11T13:36,-0.0979816513761449,UNKNOWN
2021-07-11T13:37,-0.2979816513761442,UNKNOWN
2021-07-11T13:38,-0.3979816513761456,UNKNOWN
2021-07-11T13:39,-0.6979816513761463,UNKNOWN
2021-07-11T13:40,-0.7979816513761442,UNKNOWN
2021-07-11T13:41,-0.8979816513761456,UNKNOWN
2021-07-11T13:42,-0.8979816513761456,UNKNOWN
2021-07-11T13:43,-0.7979816513761442,UNKNOWN
2021-07-11T13:44,-0.6979816513761463,UNKNOWN
2021-07-11T13:45,-0.5979816513761449,UNKNOWN
2021-07-11T13:46,-0.5979816513761449,UNKNOWN
2021-07-11T13:47,-0.5979816513761449,UNKNOWN
2021-07-11T13:48,-0.4979816513761435,UNKNOWN
2021-07-11T13:49,-0.2979816513761442,UNKNOWN
2021-07-11T13:50,0.10201834862385795,UNKNOWN
2021-07-11T13:51,0.20201834862385226,UNKNOWN
2021-07-11T13:52,0.4020183486238551,UNKNOWN
2021-07-11T13:53,0.5020183486238565,UNKNOWN
2021-07-11T13:54,0.7020183486238523,UNKNOWN
2021-07-11T13:55,0.8020183486238537,UNKNOWN
2021-07-11T13:56,0.7020183486238523,UNKNOWN
2021-07-11T13:57,0.7020183486238523,UNKNOWN
2021-07-11T13:58,0.7020183486238523,UNKNOWN
2021-07-11T13:59,0.7020183486238523,UNKNOWN
2021-07-11T14:00,0.7020183486238523,UNKNOWN
2021-07-11T14:01,0.7020183486238523,UNKNOWN
2021-07-11T14:02,0.7020183486238523,UNKNOWN
2021-07-11T14:03,0.8020183486238537,UNKNOWN
2021-07-11T14:04,0.8020183486238537,UNKNOWN
2021-07-11T14:05,0.7020183486238523,UNKNOWN
2021-07-11T14:06,0.602018348623858,UNKNOWN
2021-07-11T14:07,0.5020183486238565,UNKNOWN
2021-07-11T14:08,0.602018348623858,UNKNOWN
2021-07-11T14:09,0.602018348623858,UNKNOWN
2021-07-11T14:10,0.4020183486238551,UNKNOWN
2021-07-11T14:11,0.3020183486238537,UNKNOWN
2021-07-11T14:12,0.20201834862385226,UNKNOWN
2021-07-11T14:13,0.10201834862385795,UNKNOWN
2021-07-11T14:14,0.20201834862385226,UNKNOWN
2021-07-11T14:15,0.20201834862385226,UNKNOWN
2021-07-11T14:16,0.20201834862385226,UNKNOWN
2021-07-11T14:17,0.002018348623856525,UNKNOWN
2021-07-11T14:18,-0.0979816513761449,UNKNOWN
2021-07-11T14:19,-0.0979816513761449,UNKNOWN
2021-07-11T14:20,-0.0979816513761449,UNKNOWN
2021-07-11T14:21,0.002018348623856525,UNKNOWN
2021-07-11T14:22,0.20201834862385226,UNKNOWN
2021-07-11T14:23,0.4020183486238551,UNKNOWN
2021-07-11T14:24,0.5020183486238565,UNKNOWN
2021-07-11T14:25,0.7020183486238523,UNKNOWN
2021-07-11T14:26,0.8020183486238537,UNKNOWN
2021-07-11T14:27,1.0020183486238565,UNKNOWN
2021-07-11T14:28,1.102018348623858,UNKNOWN
2021-07-11T14:29,1.0020183486238565,UNKNOWN
2021-07-11T14:30,0.9020183486238551,UNKNOWN
2021-07-11T14:31,0.8020183486238537,UNKNOWN
2021-07-11T14:32,0.8020183486238537,UNKNOWN
2021-07-11T14:33,0.7020183486238523,UNKNOWN
2021-07-11T14:34,0.5020183486238565,UNKNOWN
2021-07-11T14:35,0.4020183486238551,UNKNOWN
2021-07-11T14:36,0.4020183486238551,UNKNOWN
2021-07-11T14:37,0.4020183486238551,UNKNOWN
2021-07-11T14:38,0.3020183486238537,UNKNOWN
2021-07-11T14:39,0.20201834862385226,UNKNOWN
2021-07-11T14:40,0.20201834862385226,UNKNOWN
2021-07-11T14:41,0.20201834862385226,UNKNOWN
2021-07-11T14:42,0.4020183486238551,UNKNOWN
2021-07-11T14:43,0.602018348623858,UNKNOWN
2021-07-11T14:44,0.7020183486238523,UNKNOWN
2021-07-11T14:45,0.8020183486238537,UNKNOWN
2021-07-11T14:46,0.8020183486238537,UNKNOWN
2021-07-11T14:47,0.9020183486238551,UNKNOWN
2021-07-11T14:48,0.9020183486238551,UNKNOWN
2021-07-11T14:49,1.0020183486238565,UNKNOWN
2021-07-11T14:50,0.9020183486238551,UNKNOWN
2021-07-11T14:51,0.8020183486238537,UNKNOWN
2021-07-11T14:52,0.602018348623858,UNKNOWN
2021-07-11T14:53,0.602018348623858,UNKNOWN
2021-07-11T14:54,0.5020183486238565,UNKNOWN
2021-07-11T14:55,0.4020183486238551,UNKNOWN
2021-07-11T14:56,0.4020183486238551,UNKNOWN
2021-07-11T14:57,0.5020183486238565,UNKNOWN
2021-07-11T14:58,0.602018348623858,UNKNOWN
2021-07-11T14:59,0.7020183486238523,UNKNOWN
2021-07-11T15:00,0.7020183486238523,UNKNOWN
2021-07-11T15:01,0.7020183486238523,UNKNOWN
2021-07-11T15:02,0.8020183486238537,UNKNOWN
2021-07-11T15:03,0.7020183486238523,UNKNOWN
2021-07-11T15:04,0.7020183486238523,UNKNOWN
2021-07-11T15:05,0.602018348623858,UNKNOWN
2021-07-11T15:06,0.5020183486238565,UNKNOWN
2021-07-11T15:07,0.602018348623858,UNKNOWN
2021-07-11T15:08,0.7020183486238523,UNKNOWN
2021-07-11T15:09,0.8020183486238537,UNKNOWN
2021-07-11T15:10,0.9020183486238551,UNKNOWN
2021-07-11T15:11,1.0020183486238565,UNKNOWN
2021-07-11T15:12,1.102018348623858,UNKNOWN
2021-07-11T15:13,1.2020183486238523,UNKNOWN
2021-07-11T15:14,1.2020183486238523,UNKNOWN
2021-07-11T15:15,1.2020183486238523,UNKNOWN
2021-07-11T15:16,1.2020183486238523,UNKNOWN
2021-07-11T15:17,1.2020183486238523,UNKNOWN
2021-07-11T15:18,1.2020183486238523,UNKNOWN
2021-07-11T15:19,1.2020183486238523,UNKNOWN
2021-07-11T15:20,1.2020183486238523,UNKNOWN
2021-07-11T15:21,1.2020183486238523,UNKNOWN
2021-07-11T15:22,1.2020183486238523,UNKNOWN
2021-07-11T15:23,1.2020183486238523,UNKNOWN
2021-07-11T15:24,1.0020183486238565,UNKNOWN
2021-07-11T15:25,1.102018348623858,UNKNOWN
2021-07-11T15:26,0.9020183486238551,UNKNOWN
2021-07-11T15:27,0.9020183486238551,UNKNOWN
2021-07-11T15:28,1.0020183486238565,UNKNOWN
2021-07-11T15:29,1.102018348623858,UNKNOWN
2021-07-11T15:30,1.2020183486238523,UNKNOWN
2021-07-11T15:31,1.2020183486238523,UNKNOWN
2021-07-11T15:32,1.2020183486238523,UNKNOWN
2021-07-11T15:33,1.102018348623858,UNKNOWN
2021-07-11T15:34,0.9020183486238551,UNKNOWN
2021-07-11T15:35,0.9020183486238551,UNKNOWN
2021-07-11T15:36,0.9020183486238551,UNKNOWN
2021-07-11T15:37,0.9020183486238551,UNKNOWN
2021-07-11T15:38,1.0020183486238565,UNKNOWN
2021-07-11T15:39,0.8020183486238537,UNKNOWN
2021-07-11T15:40,0.7020183486238523,UNKNOWN
2021-07-11T15:41,0.602018348623858,UNKNOWN
2021-07-11T15:42,0.5020183486238565,UNKNOWN
2021-07-11T15:43,0.5020183486238565,UNKNOWN
2021-07-11T15:44,0.602018348623858,UNKNOWN
2021-07-11T15:45,0.8020183486238537,UNKNOWN
2021-07-11T15:46,0.8020183486238537,UNKNOWN
2021-07-11T15:47,0.7020183486238523,UNKNOWN
2021-07-11T15:48,0.7020183486238523,UNKNOWN
2021-07-11T15:49,0.7020183486238523,UNKNOWN
2021-07-11T15:50,0.7020183486238523,UNKNOWN
2021-07-11T15:51,0.602018348623858,UNKNOWN
2021-07-11T15:52,0.602018348623858,UNKNOWN
2021-07-11T15:53,0.4020183486238551,UNKNOWN
2021-07-11T15:54,0.602018348623858,UNKNOWN
2021-07-11T15:55,0.602018348623858,UNKNOWN
2021-07-11T15:56,0.7020183486238523,UNKNOWN
2021-07-11T15:57,0.7020183486238523,UNKNOWN
2021-07-11T15:58,0.7020183486238523,UNKNOWN
2021-07-11T15:59,0.7020183486238523,UNKNOWN
2021-07-11T16:00,0.8020183486238537,UNKNOWN
2021-07-11T16:01,0.8020183486238537,UNKNOWN
2021-07-11T16:02,0.7020183486238523,UNKNOWN
2021-07-11T16:03,0.7020183486238523,UNKNOWN
2021-07-11T16:04,0.602018348623858,UNKNOWN
2021-07-11T16:05,0.5020183486238565,UNKNOWN
2021-07-11T16:06,0.5020183486238565,UNKNOWN
2021-07-11T16:07,0.5020183486238565,UNKNOWN
2021-07-11T16:08,0.4020183486238551,UNKNOWN
2021-07-11T16:09,0.4020183486238551,UNKNOWN
2021-07-11T16:10,0.5020183486238565,UNKNOWN
2021-07-11T16:11,0.5020183486238565,UNKNOWN
2021-07-11T16:12,0.5020183486238565,UNKNOWN
2021-07-11T16:13,0.602018348623858,UNKNOWN
2021-07-11T16:14,0.4020183486238551,UNKNOWN
2021-07-11T16:15,0.4020183486238551,UNKNOWN
2021-07-11T16:16,0.20201834862385226,UNKNOWN
2021-07-11T16:17,0.20201834862385226,UNKNOWN
2021-07-11T16:18,0.20201834862385226,UNKNOWN
2021-07-11T16:19,0.20201834862385226,UNKNOWN
2021-07-11T16:20,0.3020183486238537,UNKNOWN
2021-07-11T16:21,0.4020183486238551,UNKNOWN
2021-07-11T16:22,0.5020183486238565,UNKNOWN
2021-07-11T16:23,0.602018348623858,UNKNOWN
2021-07-11T16:24,0.7020183486238523,UNKNOWN
2021-07-11T16:25,0.7020183486238523,UNKNOWN
2021-07-11T16:26,0.602018348623858,UNKNOWN
2021-07-11T16:27,0.5020183486238565,UNKNOWN
2021-07-11T16:28,0.602018348623858,UNKNOWN
2021-07-11T16:29,0.602018348623858,UNKNOWN
2021-07-11T16:30,0.7020183486238523,UNKNOWN
2021-07-11T16:31,0.9020183486238551,UNKNOWN
2021-07-11T16:32,0.9020183486238551,UNKNOWN
2021-07-11T16:33,0.9020183486238551,UNKNOWN
2021-07-11T16:34,0.8020183486238537,UNKNOWN
2021-07-11T16:35,0.8020183486238537,UNKNOWN
2021-07-11T16:36,0.7020183486238523,UNKNOWN
2021-07-11T16:37,0.7020183486238523,UNKNOWN
2021-07-11T16:38,0.7020183486238523,UNKNOWN
2021-07-11T16:39,0.7020183486238523,UNKNOWN
2021-07-11T16:40,0.7020183486238523,UNKNOWN
2021-07-11T16:41,0.8020183486238537,UNKNOWN
2021-07-11T16:42,0.8020183486238537,UNKNOWN
2021-07-11T16:43,0.7020183486238523,UNKNOWN
2021-07-11T16:44,0.602018348623858,UNKNOWN
2021-07-11T16:45,0.5020183486238565,UNKNOWN
2021-07-11T16:46,0.5020183486238565,UNKNOWN
2021-07-11T16:47,0.5020183486238565,UNKNOWN
2021-07-11T16:48,0.4020183486238551,UNKNOWN
2021-07-11T16:49,0.4020183486238551,UNKNOWN
2021-07-11T16:50,0.3020183486238537,UNKNOWN
2021-07-11T16:51,0.3020183486238537,UNKNOWN
2021-07-11T16:52,0.4020183486238551,UNKNOWN
2021-07-11T16:53,0.20201834862385226,UNKNOWN
2021-07-11T16:54,0.20201834862385226,UNKNOWN
2021-07-11T16:55,0.20201834862385226,UNKNOWN
2021-07-11T16:56,0.20201834862385226,UNKNOWN
2021-07-11T16:57,0.3020183486238537,UNKNOWN
2021-07-11T16:58,0.3020183486238537,UNKNOWN
2021-07-11T16:59,0.20201834862385226,UNKNOWN
2021-07-11T17:00,0.20201834862385226,UNKNOWN
2021-07-11T17:01,0.10201834862385795,UNKNOWN
2021-07-11T17:02,0.10201834862385795,UNKNOWN
2021-07-11T17:03,-0.0979816513761449,UNKNOWN
2021-07-11T17:04,-0.0979816513761449,UNKNOWN
2021-07-11T17:05,-0.19798165137614632,UNKNOWN
2021-07-11T17:06,-0.0979816513761449,UNKNOWN
2021-07-11T17:07,-0.0979816513761449,UNKNOWN
2021-07-11T17:08,0.002018348623856525,UNKNOWN
2021-07-11T17:09,0.002018348623856525,UNKNOWN
2021-07-11T17:10,0.002018348623856525,UNKNOWN
2021-07-11T17:11,0.20201834862385226,UNKNOWN
2021-07-11T17:12,0.20201834862385226,UNKNOWN
2021-07-11T17:13,0.20201834862385226,UNKNOWN
2021-07-11T17:14,0.20201834862385226,UNKNOWN
2021-07-11T17:15,0.20201834862385226,UNKNOWN
2021-07-11T17:16,0.20201834862385226,UNKNOWN
2021-07-11T17:17,0.20201834862385226,UNKNOWN
2021-07-11T17:18,0.20201834862385226,UNKNOWN
2021-07-11T17:19,0.20201834862385226,UNKNOWN
2021-07-11T17:20,0.20201834862385226,UNKNOWN
2021-07-11T17:21,0.10201834862385795,UNKNOWN
2021-07-11T17:22,-0.0979816513761449,UNKNOWN
2021-07-11T17:23,-0.2979816513761442,UNKNOWN
2021-07-11T17:24,-0.3979816513761456,UNKNOWN
2021-07-11T17:25,-0.5979816513761449,UNKNOWN
2021-07-11T17:26,-0.6979816513761463,UNKNOWN
2021-07-11T17:27,-0.5979816513761449,UNKNOWN
2021-07-11T17:28,-0.4979816513761435,UNKNOWN
2021-07-11T17:29,-0.2979816513761442,UNKNOWN
2021-07-11T17:30,-0.19798165137614632,UNKNOWN
2021-07-11T17:31,-0.2979816513761442,UNKNOWN
2021-07-11T17:32,-0.2979816513761442,UNKNOWN
2021-07-11T17:33,-0.3979816513761456,UNKNOWN
2021-07-11T17:34,-0.4979816513761435,UNKNOWN
2021-07-11T17:35,-0.5979816513761449,UNKNOWN
2021-07-11T17:36,-0.5979816513761449,UNKNOWN
2021-07-11T17:37,-0.4979816513761435,UNKNOWN
2021-07-11T17:38,-0.4979816513761435,UNKNOWN
2021-07-11T17:39,-0.19798165137614632,UNKNOWN
2021-07-11T17:40,0.002018348623856525,UNKNOWN
2021-07-11T17:41,-0.0979816513761449,UNKNOWN
2021-07-11T17:42,-0.4979816513761435,UNKNOWN
2021-07-11T17:43,-0.5979816513761449,UNKNOWN
2021-07-11T17:44,-0.5979816513761449,UNKNOWN
2021-07-11T17:45,-0.4979816513761435,UNKNOWN
2021-07-11T17:46,-0.0979816513761449,UNKNOWN
2021-07-11T17:47,-0.0979816513761449,UNKNOWN
2021-07-11T17:48,-0.19798165137614632,UNKNOWN
2021-07-11T17:49,-0.19798165137614632,UNKNOWN
2021-07-11T17:50,0.002018348623856525,UNKNOWN
2021-07-11T17:51,0.20201834862385226,UNKNOWN
2021-07-11T17:52,0.3020183486238537,UNKNOWN
2021-07-11T17:53,0.20201834862385226,UNKNOWN
2021-07-11T17:54,-0.0979816513761449,UNKNOWN
2021-07-11T17:55,-0.2979816513761442,UNKNOWN
2021-07-11T17:56,-0.3979816513761456,UNKNOWN
2021-07-11T17:57,-0.3979816513761456,UNKNOWN
2021-07-11T17:58,-0.2979816513761442,UNKNOWN
2021-07-11T17:59,-0.0979816513761449,UNKNOWN
2021-07-11T18:00,-0.19798165137614632,UNKNOWN
2021-07-11T18:01,-0.0979816513761449,UNKNOWN
2021-07-11T18:02,0.002018348623856525,UNKNOWN
2021-07-11T18:03,0.20201834862385226,UNKNOWN
2021-07-11T18:04,0.7020183486238523,UNKNOWN
2021-07-11T18:05,1.2020183486238523,UNKNOWN
2021-07-11T18:06,1.602018348623858,UNKNOWN
2021-07-11T18:07,1.902018348623855,UNKNOWN
2021-07-11T18:08,1.7020183486238523,UNKNOWN
2021-07-11T18:09,1.402018348623855,UNKNOWN
2021-07-11T18:10,1.0020183486238565,UNKNOWN
2021-07-11T18:11,0.7020183486238523,UNKNOWN
2021-07-11T18:12,0.602018348623858,UNKNOWN
2021-07-11T18:13,0.5020183486238565,UNKNOWN
2021-07-11T18:14,0.4020183486238551,UNKNOWN
2021-07-11T18:15,0.3020183486238537,UNKNOWN
2021-07-11T18:16,0.3020183486238537,UNKNOWN
2021-07-11T18:17,0.20201834862385226,UNKNOWN
2021-07-11T18:18,-0.0979816513761449,UNKNOWN
2021-07-11T18:19,0.002018348623856525,UNKNOWN
2021-07-11T18:20,-0.2979816513761442,UNKNOWN
2021-07-11T18:21,-0.9979816513761435,UNKNOWN
2021-07-11T18:22,-1.597981651376145,UNKNOWN
2021-07-11T18:23,-1.8979816513761456,UNKNOWN
2021-07-11T18:24,-2.1979816513761463,UNKNOWN
2021-07-11T18:25,-2.4979816513761435,UNKNOWN
2021-07-11T18:26,-2.6979816513761463,UNKNOWN
2021-07-11T18:27,-2.797981651376144,UNKNOWN
2021-07-11T18:28,-3.097981651376145,UNKNOWN
2021-07-11T18:29,-3.1979816513761463,UNKNOWN
2021-07-11T18:30,-3.297981651376144,UNKNOWN
2021-07-11T18:31,-3.297981651376144,UNKNOWN
2021-07-11T18:32,-3.1979816513761463,UNKNOWN
2021-07-11T18:33,-3.097981651376145,UNKNOWN
2021-07-11T18:34,-3.097981651376145,UNKNOWN
2021-07-11T18:35,-2.9979816513761435,UNKNOWN
2021-07-11T18:36,-2.797981651376144,UNKNOWN
2021-07-11T18:37,-2.6979816513761463,UNKNOWN
2021-07-11T18:38,-2.597981651376145,UNKNOWN
2021-07-11T18:39,-2.597981651376145,UNKNOWN
2021-07-11T18:40,-2.597981651376145,UNKNOWN
2021-07-11T18:41,-2.597981651376145,UNKNOWN
2021-07-11T18:42,-2.597981651376145,UNKNOWN
2021-07-11T18:43,-2.4979816513761435,UNKNOWN
2021-07-11T18:44,-2.4979816513761435,UNKNOWN
2021-07-11T18:45,-2.3979816513761456,UNKNOWN
2021-07-11T18:46,-2.3979816513761456,UNKNOWN
2021-07-11T18:47,-1.8979816513761456,UNKNOWN
2021-07-11T18:48,-1.597981651376145,UNKNOWN
2021-07-11T18:49,-1.597981651376145,UNKNOWN
2021-07-11T18:50,-1.597981651376145,UNKNOWN
2021-07-11T18:51,-1.7979816513761442,UNKNOWN
2021-07-11T18:52,-1.8979816513761456,UNKNOWN
2021-07-11T18:53,-1.8979816513761456,UNKNOWN
2021-07-11T18:54,-1.9979816513761435,UNKNOWN
2021-07-11T18:55,-2.097981651376145,UNKNOWN
2021-07-11T18:56,-1.9979816513761435,UNKNOWN
2021-07-11T18:57,-1.9979816513761435,UNKNOWN
2021-07-11T18:58,-1.8979816513761456,UNKNOWN
2021-07-11T18:59,-1.7979816513761442,UNKNOWN
2021-07-11T19:00,-1.3979816513761456,UNKNOWN
2021-07-11T19:01,-1.3979816513761456,UNKNOWN
2021-07-11T19:02,-1.4979816513761435,UNKNOWN
2021-07-11T19:03,-1.597981651376145,UNKNOWN
2021-07-11T19:04,-1.6979816513761463,UNKNOWN
2021-07-11T19:05,-1.9979816513761435,UNKNOWN
2021-07-11T19:06,-2.297981651376144,UNKNOWN
2021-07-11T19:07,-2.3979816513761456,UNKNOWN
2021-07-11T19:08,-2.3979816513761456,UNKNOWN
2021-07-11T19:09,-2.4979816513761435,UNKNOWN
2021-07-11T19:10,-2.4979816513761435,UNKNOWN
2021-07-11T19:11,-2.597981651376145,UNKNOWN
2021-07-11T19:12,-2.4979816513761435,UNKNOWN
2021-07-11T19:13,-2.3979816513761456,UNKNOWN
2021-07-11T19:14,-2.297981651376144,UNKNOWN
2021-07-11T19:15,-2.297981651376144,UNKNOWN
2021-07-11T19:16,-2.297981651376144,UNKNOWN
2021-07-11T19:17,-2.3979816513761456,UNKNOWN
2021-07-11T19:18,-2.3979816513761456,UNKNOWN
2021-07-11T19:19,-2.4979816513761435,UNKNOWN
2021-07-11T19:20,-2.597981651376145,UNKNOWN
2021-07-11T19:21,-2.597981651376145,UNKNOWN
2021-07-11T19:22,-2.597981651376145,UNKNOWN
2021-07-11T19:23,-2.6979816513761463,UNKNOWN
2021-07-11T19:24,-2.597981651376145,UNKNOWN
2021-07-11T19:25,-2.797981651376144,UNKNOWN
2021-07-11T19:26,-2.8979816513761456,UNKNOWN
2021-07-11T19:27,-3.097981651376145,UNKNOWN
2021-07-11T19:28,-3.097981651376145,UNKNOWN
2021-07-11T19:29,-2.9979816513761435,UNKNOWN
2021-07-11T19:30,-2.8979816513761456,UNKNOWN
2021-07-11T19:31,-2.8979816513761456,UNKNOWN
2021-07-11T19:32,-2.8979816513761456,UNKNOWN
2021-07-11T19:33,-2.8979816513761456,UNKNOWN
2021-07-11T19:34,-3.1979816513761463,UNKNOWN
2021-07-11T19:35,-3.3979816513761456,UNKNOWN
2021-07-11T19:36,-3.297981651376144,UNKNOWN
2021-07-11T19:37,-3.1979816513761463,UNKNOWN
2021-07-11T19:38,-3.097981651376145,UNKNOWN
2021-07-11T19:39,-2.8979816513761456,UNKNOWN
2021-07-11T19:40,-2.6979816513761463,UNKNOWN
2021-07-11T19:41,-2.4979816513761435,UNKNOWN
2021-07-11T19:42,-2.3979816513761456,UNKNOWN
2021-07-11T19:43,-2.097981651376145,UNKNOWN
2021-07-11T19:44,-1.9979816513761435,UNKNOWN
2021-07-11T19:45,-1.7979816513761442,UNKNOWN
2021-07-11T19:46,-1.6979816513761463,UNKNOWN
2021-07-11T19:47,-1.597981651376145,UNKNOWN
2021-07-11T19:48,-1.4979816513761435,UNKNOWN
2021-07-11T19:49,-1.3979816513761456,UNKNOWN
2021-07-11T19:50,-1.4979816513761435,UNKNOWN
2021-07-11T19:51,-1.6979816513761463,UNKNOWN
2021-07-11T19:52,-1.9979816513761435,UNKNOWN
2021-07-11T19:53,-2.297981651376144,UNKNOWN
2021-07-11T19:54,-2.597981651376145,UNKNOWN
2021-07-11T19:55,-2.8979816513761456,UNKNOWN
2021-07-11T19:56,-3.1979816513761463,UNKNOWN
2021-07-11T19:57,-3.097981651376145,UNKNOWN
2021-07-11T19:58,-3.1979816513761463,UNKNOWN
2021-07-11T19:59,-3.297981651376144,UNKNOWN
2021-07-11T20:00,-3.297981651376144,UNKNOWN
2021-07-11T20:01,-3.3979816513761456,UNKNOWN
2021-07-11T20:02,-3.4979816513761435,UNKNOWN
2021-07-11T20:03,-3.4979816513761435,UNKNOWN
2021-07-11T20:04,-3.4979816513761435,UNKNOWN
2021-07-11T20:05,-3.4979816513761435,UNKNOWN
2021-07-11T20:06,-3.3979816513761456,UNKNOWN
2021-07-11T20:07,-3.297981651376144,UNKNOWN
2021-07-11T20:08,-3.4979816513761435,UNKNOWN
2021-07-11T20:09,-3.797981651376144,UNKNOWN
2021-07-11T20:10,-3.797981651376144,UNKNOWN
2021-07-11T20:11,-3.6979816513761463,UNKNOWN
2021-07-11T20:12,-3.6979816513761463,UNKNOWN
2021-07-11T20:13,-3.797981651376144,UNKNOWN
2021-07-11T20:14,-4.197981651376146,UNKNOWN
2021-07-11T20:15,-4.397981651376146,UNKNOWN
2021-07-11T20:16,-4.297981651376144,UNKNOWN
2021-07-11T20:17,-4.4979816513761435,UNKNOWN
2021-07-11T20:18,-4.397981651376146,UNKNOWN
2021-07-11T20:19,-4.297981651376144,UNKNOWN
2021-07-11T20:20,-4.097981651376145,UNKNOWN
2021-07-11T20:21,-3.797981651376144,UNKNOWN
2021-07-11T20:22,-3.597981651376145,UNKNOWN
2021-07-11T20:23,-3.1979816513761463,UNKNOWN
2021-07-11T20:24,-2.9979816513761435,UNKNOWN
2021-07-11T20:25,-2.6979816513761463,UNKNOWN
2021-07-11T20:26,-2.4979816513761435,UNKNOWN
2021-07-11T20:27,-2.297981651376144,UNKNOWN
2021-07-11T20:28,-2.097981651376145,UNKNOWN
2021-07-11T20:29,-1.8979816513761456,UNKNOWN
2021-07-11T20:30,-1.7979816513761442,UNKNOWN
2021-07-11T20:31,-1.597981651376145,UNKNOWN
2021-07-11T20:32,-1.4979816513761435,UNKNOWN
2021-07-11T20:33,-1.2979816513761442,UNKNOWN
2021-07-11T20:34,-1.1979816513761463,UNKNOWN
2021-07-11T20:35,-1.097981651376145,UNKNOWN
2021-07-11T20:36,-0.9979816513761435,UNKNOWN
2021-07-11T20:37,-0.8979816513761456,UNKNOWN
2021-07-11T20:38,-0.7979816513761442,UNKNOWN
2021-07-11T20:39,-0.5979816513761449,UNKNOWN
2021-07-11T20:40,-0.5979816513761449,UNKNOWN
2021-07-11T20:41,-0.6979816513761463,UNKNOWN
2021-07-11T20:42,-0.6979816513761463,UNKNOWN
2021-07-11T20:43,-0.7979816513761442,UNKNOWN
2021-07-11T20:44,-0.7979816513761442,UNKNOWN
2021-07-11T20:45,-0.8979816513761456,UNKNOWN
2021-07-11T20:46,-0.8979816513761456,UNKNOWN
2021-07-11T20:47,-0.8979816513761456,UNKNOWN
2021-07-11T20:48,-0.7979816513761442,UNKNOWN
2021-07-11T20:49,-0.6979816513761463,UNKNOWN
2021-07-11T20:50,-0.5979816513761449,UNKNOWN
2021-07-11T20:51,-0.4979816513761435,UNKNOWN
2021-07-11T20:52,-0.3979816513761456,UNKNOWN
2021-07-11T20:53,-0.19798165137614632,UNKNOWN
2021-07-11T20:54,-0.0979816513761449,UNKNOWN
2021-07-11T20:55,0.002018348623856525,UNKNOWN
2021-07-11T20:56,0.20201834862385226,UNKNOWN
2021-07-11T20:57,0.3020183486238537,UNKNOWN
2021-07-11T20:58,0.4020183486238551,UNKNOWN
2021-07-11T20:59,0.5020183486238565,UNKNOWN
2021-07-11T21:00,0.602018348623858,UNKNOWN
2021-07-11T21:01,0.7020183486238523,UNKNOWN
2021-07-11T21:02,0.602018348623858,UNKNOWN
2021-07-11T21:03,0.3020183486238537,UNKNOWN
2021-07-11T21:04,0.002018348623856525,UNKNOWN
2021-07-11T21:05,-0.2979816513761442,UNKNOWN
2021-07-11T21:06,-0.5979816513761449,UNKNOWN
2021-07-11T21:07,-0.7979816513761442,UNKNOWN
2021-07-11T21:08,-1.097981651376145,UNKNOWN
2021-07-11T21:09,-1.2979816513761442,UNKNOWN
2021-07-11T21:10,-1.597981651376145,UNKNOWN
2021-07-11T21:11,-1.6979816513761463,UNKNOWN
2021-07-11T21:12,-1.8979816513761456,UNKNOWN
2021-07-11T21:13,-2.097981651376145,UNKNOWN
2021-07-11T21:14,-2.297981651376144,UNKNOWN
2021-07-11T21:15,-2.3979816513761456,UNKNOWN
2021-07-11T21:16,-2.3979816513761456,UNKNOWN
2021-07-11T21:17,-2.4979816513761435,UNKNOWN
2021-07-11T21:18,-2.6979816513761463,UNKNOWN
2021-07-11T21:19,-2.8979816513761456,UNKNOWN
2021-07-11T21:20,-2.9979816513761435,UNKNOWN
2021-07-11T21:21,-2.9979816513761435,UNKNOWN
2021-07-11T21:22,-3.097981651376145,UNKNOWN
2021-07-11T21:23,-3.097981651376145,UNKNOWN
2021-07-11T21:24,-3.097981651376145,UNKNOWN
2021-07-11T21:25,-3.097981651376145,UNKNOWN
2021-07-11T21:26,-3.1979816513761463,UNKNOWN
2021-07-11T21:27,-3.1979816513761463,UNKNOWN
2021-07-11T21:28,-3.1979816513761463,UNKNOWN
2021-07-11T21:29,-3.1979816513761463,UNKNOWN
2021-07-11T21:30,-3.297981651376144,UNKNOWN
2021-07-11T21:31,-3.1979816513761463,UNKNOWN
2021-07-11T21:32,-3.1979816513761463,UNKNOWN
2021-07-11T21:33,-3.1979816513761463,UNKNOWN
2021-07-11T21:34,-2.9979816513761435,UNKNOWN
2021-07-11T21:35,-2.9979816513761435,UNKNOWN
2021-07-11T21:36,-2.8979816513761456,UNKNOWN
2021-07-11T21:37,-2.797981651376144,UNKNOWN
2021-07-11T21:38,-2.6979816513761463,UNKNOWN
2021-07-11T21:39,-2.6979816513761463,UNKNOWN
2021-07-11T21:40,-2.597981651376145,UNKNOWN
2021-07-11T21:41,-2.597981651376145,UNKNOWN
2021-07-11T21:42,-2.6979816513761463,UNKNOWN
2021-07-11T21:43,-2.797981651376144,UNKNOWN
2021-07-11T21:44,-2.8979816513761456,UNKNOWN
2021-07-11T21:45,-2.8979816513761456,UNKNOWN
2021-07-11T21:46,-3.097981651376145,UNKNOWN
2021-07-11T21:47,-3.097981651376145,UNKNOWN
2021-07-11T21:48,-3.1979816513761463,UNKNOWN
2021-07-11T21:49,-3.3979816513761456,UNKNOWN
2021-07-11T21:50,-3.297981651376144,UNKNOWN
2021-07-11T21:51,-3.097981651376145,UNKNOWN
2021-07-11T21:52,-2.8979816513761456,UNKNOWN
2021-07-11T21:53,-2.797981651376144,UNKNOWN
2021-07-11T21:54,-2.597981651376145,UNKNOWN
2021-07-11T21:55,-2.4979816513761435,UNKNOWN
2021-07-11T21:56,-2.3979816513761456,UNKNOWN
2021-07-11T21:57,-2.1979816513761463,UNKNOWN
2021-07-11T21:58,-2.097981651376145,UNKNOWN
2021-07-11T21:59,-2.097981651376145,UNKNOWN
2021-07-11T22:00,-2.1979816513761463,UNKNOWN
2021-07-11T22:01,-1.9979816513761435,UNKNOWN
2021-07-11T22:02,-1.6979816513761463,UNKNOWN
2021-07-11T22:03,-1.3979816513761456,UNKNOWN
2021-07-11T22:04,-1.097981651376145,UNKNOWN
2021-07-11T22:05,-0.8979816513761456,UNKNOWN
2021-07-11T22:06,-0.5979816513761449,UNKNOWN
2021-07-11T22:07,-0.2979816513761442,UNKNOWN
2021-07-11T22:08,-0.0979816513761449,UNKNOWN
2021-07-11T22:09,0.10201834862385795,UNKNOWN
2021-07-11T22:10,0.20201834862385226,UNKNOWN
2021-07-11T22:11,0.4020183486238551,UNKNOWN
2021-07-11T22:12,0.602018348623858,UNKNOWN
2021-07-11T22:13,0.7020183486238523,UNKNOWN
2021-07-11T22:14,0.8020183486238537,UNKNOWN
2021-07-11T22:15,1.0020183486238565,UNKNOWN
2021-07-11T22:16,1.102018348623858,UNKNOWN
2021-07-11T22:17,1.2020183486238523,UNKNOWN
2021-07-11T22:18,1.2020183486238523,UNKNOWN
2021-07-11T22:19,1.2020183486238523,UNKNOWN
2021-07-11T22:20,1.3020183486238537,UNKNOWN
2021-07-11T22:21,1.3020183486238537,UNKNOWN
2021-07-11T22:22,1.3020183486238537,UNKNOWN
2021-07-11T22:23,1.402018348623855,UNKNOWN
2021-07-11T22:24,1.402018348623855,UNKNOWN
2021-07-11T22:25,1.5020183486238565,UNKNOWN
2021-07-11T22:26,1.5020183486238565,UNKNOWN
2021-07-11T22:27,1.5020183486238565,UNKNOWN
2021-07-11T22:28,1.402018348623855,UNKNOWN
2021-07-11T22:29,0.7020183486238523,UNKNOWN
2021-07-11T22:30,0.20201834862385226,UNKNOWN
2021-07-11T22:31,-0.0979816513761449,UNKNOWN
2021-07-11T22:32,-0.2979816513761442,UNKNOWN
2021-07-11T22:33,-0.3979816513761456,UNKNOWN
2021-07-11T22:34,-0.4979816513761435,UNKNOWN
2021-07-11T22:35,-0.3979816513761456,UNKNOWN
2021-07-11T22:36,-0.3979816513761456,UNKNOWN
2021-07-11T22:37,-0.2979816513761442,UNKNOWN
2021-07-11T22:38,-0.2979816513761442,UNKNOWN
2021-07-11T22:39,-0.2979816513761442,UNKNOWN
2021-07-11T22:40,-0.2979816513761442,UNKNOWN
2021-07-11T22:41,-0.2979816513761442,UNKNOWN
2021-07-11T22:42,-0.2979816513761442,UNKNOWN
2021-07-11T22:43,-0.2979816513761442,UNKNOWN
2021-07-11T22:44,-0.2979816513761442,UNKNOWN
2021-07-11T22:45,-0.2979816513761442,UNKNOWN
2021-07-11T22:46,-0.2979816513761442,UNKNOWN
2021-07-11T22:47,-0.19798165137614632,UNKNOWN
2021-07-11T22:48,-0.19798165137614632,UNKNOWN
2021-07-11T22:49,-0.19798165137614632,UNKNOWN
2021-07-11T22:50,-0.19798165137614632,UNKNOWN
2021-07-11T22:51,-0.19798165137614632,UNKNOWN
2021-07-11T22:52,-0.19798165137614632,UNKNOWN
2021-07-11T22:53,-0.19798165137614632,UNKNOWN
2021-07-11T22:54,-0.19798165137614632,UNKNOWN
2021-07-11T22:55,-0.0979816513761449,UNKNOWN
2021-07-11T22:56,-0.0979816513761449,UNKNOWN
2021-07-11T22:57,-0.0979816513761449,UNKNOWN
2021-07-11T22:58,-0.0979816513761449,UNKNOWN
2021-07-11T22:59,-0.0979816513761449,UNKNOWN
2021-07-11T23:00,-0.0979816513761449,UNKNOWN
2021-07-11T23:01,-0.0979816513761449,UNKNOWN
2021-07-11T23:02,0.002018348623856525,UNKNOWN
2021-07-11T23:03,0.002018348623856525,UNKNOWN
2021-07-11T23:04,0.002018348623856525,UNKNOWN
2021-07-11T23:05,-0.0979816513761449,UNKNOWN
2021-07-11T23:06,0.002018348623856525,UNKNOWN
2021-07-11T23:07,0.002018348623856525,UNKNOWN
2021-07-11T23:08,0.10201834862385795,UNKNOWN
2021-07-11T23:09,0.20201834862385226,UNKNOWN
2021-07-11T23:10,0.20201834862385226,UNKNOWN
2021-07-11T23:11,0.4020183486238551,UNKNOWN
2021-07-11T23:12,0.4020183486238551,UNKNOWN
2021-07-11T23:13,0.5020183486238565,UNKNOWN
2021-07-11T23:14,0.602018348623858,UNKNOWN
2021-07-11T23:15,0.602018348623858,UNKNOWN
2021-07-11T23:16,0.602018348623858,UNKNOWN
2021-07-11T23:17,0.7020183486238523,UNKNOWN
2021-07-11T23:18,0.7020183486238523,UNKNOWN
2021-07-11T23:19,0.7020183486238523,UNKNOWN
2021-07-11T23:20,0.7020183486238523,UNKNOWN
2021-07-11T23:21,0.7020183486238523,UNKNOWN
2021-07-11T23:22,0.7020183486238523,UNKNOWN
2021-07-11T23:23,0.7020183486238523,UNKNOWN
2021-07-11T23:24,0.7020183486238523,UNKNOWN
2021-07-11T23:25,0.7020183486238523,UNKNOWN
2021-07-11T23:26,0.7020183486238523,UNKNOWN
2021-07-11T23:27,0.7020183486238523,UNKNOWN
2021-07-11T23:28,0.7020183486238523,UNKNOWN
2021-07-11T23:29,0.7020183486238523,UNKNOWN
2021-07-11T23:30,0.7020183486238523,UNKNOWN
2021-07-11T23:31,0.7020183486238523,UNKNOWN
2021-07-11T23:32,0.7020183486238523,UNKNOWN
2021-07-11T23:33,0.7020183486238523,UNKNOWN
2021-07-11T23:34,0.7020183486238523,UNKNOWN
2021-07-11T23:35,0.8020183486238537,UNKNOWN
2021-07-11T23:36,0.8020183486238537,UNKNOWN
2021-07-11T23:37,0.8020183486238537,UNKNOWN
2021-07-11T23:38,0.8020183486238537,UNKNOWN
2021-07-11T23:39,0.4020183486238551,UNKNOWN
2021-07-11T23:40,0.20201834862385226,UNKNOWN
2021-07-11T23:41,0.002018348623856525,UNKNOWN
2021-07-11T23:42,0.10201834862385795,UNKNOWN
2021-07-11T23:43,0.20201834862385226,UNKNOWN
2021-07-11T23:44,0.3020183486238537,UNKNOWN
2021-07-11T23:45,0.4020183486238551,UNKNOWN
2021-07-11T23:46,0.602018348623858,UNKNOWN
2021-07-11T23:47,0.7020183486238523,UNKNOWN
2021-07-11T23:48,0.8020183486238537,UNKNOWN
2021-07-11T23:49,0.9020183486238551,UNKNOWN
2021-07-11T23:50,1.0020183486238565,UNKNOWN
2021-07-11T23:51,1.102018348623858,UNKNOWN
2021-07-11T23:52,1.2020183486238523,UNKNOWN
2021-07-11T23:53,1.2020183486238523,UNKNOWN
2021-07-11T23:54,1.2020183486238523,UNKNOWN
2021-07-11T23:55,1.2020183486238523,UNKNOWN
2021-07-11T23:56,1.2020183486238523,UNKNOWN
2021-07-11T23:57,1.2020183486238523,UNKNOWN
2021-07-11T23:58,1.2020183486238523,UNKNOWN
2021-07-11T23:59,1.2020183486238523,UNKNOWN